"","Region","Region/Country/Area","Year","Infant mortality for both sexes (per 1,000 live births)","Life expectancy at birth for both sexes (years)","Life expectancy at birth for females (years)","Life expectancy at birth for males (years)","Maternal mortality ratio (deaths per 100,000 population)","Population annual rate of increase (percent)","Total fertility rate (children per women)","GDP in constant 2010 prices (millions of US dollars)","GDP in current prices (millions of US dollars)","GDP per capita (US dollars)","GDP real rates of growth (percent)","name","region","sub.region"
"1","Afghanistan",4,"2010",76.7,60,61.3,58.9,584,2.8,6.4,16078,16078,558,3.2,"Afghanistan","Asia","Southern Asia"
"2","Afghanistan",4,"2015",68.6,62.3,63.5,61.1,396,3.2,5.3,20890,20608,611,-1.8,"Afghanistan","Asia","Southern Asia"
"3","Albania",8,"2010",16.8,75.6,78.5,73.2,30,-0.9,1.6,11927,11927,4056,3.7,"Albania","Europe","Southern Europe"
"4","Albania",8,"2015",14.6,77.7,79.9,75.6,29,-0.1,1.7,13035,11335,3877,2.2,"Albania","Europe","Southern Europe"
"5","Algeria",12,"2010",32.6,73.9,75.2,72.6,147,1.6,2.7,161207,161207,4463,3.6,"Algeria","Africa","Northern Africa"
"6","Algeria",12,"2015",27.7,75.3,76.5,74.1,140,2,3,189797,165874,4160,3.7,"Algeria","Africa","Northern Africa"
"7","American Samoa",16,"2010",NA,NA,NA,NA,NA,-1.2,NA,NA,NA,NA,NA,"American Samoa","Oceania","Polynesia"
"8","American Samoa",16,"2015",NA,NA,NA,NA,NA,0,NA,NA,NA,NA,NA,"American Samoa","Oceania","Polynesia"
"9","Andorra",20,"2010",NA,NA,NA,NA,NA,1.4,1.2,3355,3355,39734,-5.4,"Andorra","Europe","Southern Europe"
"10","Andorra",20,"2015",NA,NA,NA,NA,NA,-1.6,NA,3258,2812,36040,0.8,"Andorra","Europe","Southern Europe"
"11","Angola",24,"2010",83.8,55.6,58.2,53,561,3.6,6.4,83799,83799,3586,4.7,"Angola","Africa","Sub-Saharan Africa"
"12","Angola",24,"2015",65.4,60.2,63,57.4,477,3.5,6,103777,115143,4133,0.9,"Angola","Africa","Sub-Saharan Africa"
"13","Anguilla",660,"2010",NA,NA,NA,NA,NA,1.7,NA,268,268,19459,-4.5,"Anguilla","Americas","Latin America and the Caribbean"
"14","Anguilla",660,"2015",NA,NA,NA,NA,NA,1.2,NA,281,330,22597,3.2,"Anguilla","Americas","Latin America and the Caribbean"
"15","Antigua and Barbuda",28,"2010",10,75,77.4,72.6,NA,1.2,2.2,1148,1148,12127,-7.2,"Antigua and Barbuda","Americas","Latin America and the Caribbean"
"16","Antigua and Barbuda",28,"2015",9.1,75.8,78.2,73.3,NA,1.1,2.1,1271,1365,13659,4.1,"Antigua and Barbuda","Americas","Latin America and the Caribbean"
"17","Argentina",32,"2010",14.6,75.2,79,71.3,58,1,2.4,426487,426487,10346,10.1,"Argentina","Americas","Latin America and the Caribbean"
"18","Argentina",32,"2015",13.7,76,79.8,72.2,52,1,2.3,458528,634019,14603,2.6,"Argentina","Americas","Latin America and the Caribbean"
"19","Armenia",51,"2010",21,72.7,75.8,69.4,33,-0.7,1.7,9875,9875,3432,2.2,"Armenia","Asia","Western Asia"
"20","Armenia",51,"2015",13.2,74,77,70.6,25,0.3,1.7,12236,10553,3618,3.2,"Armenia","Asia","Western Asia"
"21","Aruba",533,"2010",16.2,74.7,77.1,72.2,NA,0.3,1.8,2391,2391,23513,-3.4,"Aruba","Americas","Latin America and the Caribbean"
"22","Aruba",533,"2015",14.8,75.4,77.8,72.9,NA,0.5,1.8,2554,2693,25807,-0.5,"Aruba","Americas","Latin America and the Caribbean"
"23","Australia",36,"2010",4.4,81.5,83.8,79.2,6,1.8,2,1293794,1293794,58490,2.4,"Australia","Oceania","Australia and New Zealand"
"24","Australia",36,"2015",3.9,82.3,84.4,80.2,6,1.5,1.9,1485305,1243240,52238,2.8,"Australia","Oceania","Australia and New Zealand"
"25","Austria",40,"2010",3.8,80.1,82.8,77.3,4,0.4,1.4,391893,391893,46599,1.9,"Austria","Europe","Western Europe"
"26","Austria",40,"2015",3.3,81,83.5,78.4,4,0.6,1.4,412966,382066,44024,1,"Austria","Europe","Western Europe"
"27","Azerbaijan",31,"2010",40.7,70.1,73.4,66.9,27,1.1,1.8,52906,52906,5857,4.6,"Azerbaijan","Asia","Western Asia"
"28","Azerbaijan",31,"2015",31.4,71.6,74.6,68.6,25,1.3,2.1,58132,53076,5519,0.6,"Azerbaijan","Asia","Western Asia"
"29","Bahamas",44,"2010",10,74.3,77.3,71.2,85,1.8,1.9,10096,10096,27979,1.5,"Bahamas","Americas","Latin America and the Caribbean"
"30","Bahamas",44,"2015",9.1,75.1,78.1,72,80,1.4,1.8,9967,11240,29056,-3.1,"Bahamas","Americas","Latin America and the Caribbean"
"31","Bahrain",48,"2010",8,75.7,76.7,74.9,16,6.7,2.3,25713,25713,20722,4.3,"Bahrain","Asia","Western Asia"
"32","Bahrain",48,"2015",6.9,76.4,77.5,75.6,15,2,2.1,30779,31126,22689,2.9,"Bahrain","Asia","Western Asia"
"33","Bangladesh",50,"2010",43.3,69,70,68.2,242,1.2,2.5,114508,114508,753,5.6,"Bangladesh","Asia","Southern Asia"
"34","Bangladesh",50,"2015",33.3,71.2,72.9,69.8,176,1.2,2.2,155582,194466,1206,6.6,"Bangladesh","Asia","Southern Asia"
"35","Barbados",52,"2010",11,74.6,76.9,72.1,33,0.4,1.8,4365,4365,15613,0.3,"Barbados","Americas","Latin America and the Caribbean"
"36","Barbados",52,"2015",9.6,75.4,77.7,72.9,27,0.3,1.8,4453,4463,15704,0.9,"Barbados","Americas","Latin America and the Caribbean"
"37","Belarus",112,"2010",6.3,69.3,75.2,63.6,5,-0.3,1.4,57232,57232,6042,7.7,"Belarus","Europe","Eastern Europe"
"38","Belarus",112,"2015",3.6,72.1,77.7,66.5,4,0,1.6,60712,56455,5952,-3.8,"Belarus","Europe","Eastern Europe"
"39","Belgium",56,"2010",3.8,79.6,82.3,76.8,8,0.7,1.8,483549,483549,44205,2.7,"Belgium","Europe","Western Europe"
"40","Belgium",56,"2015",3.5,80.5,83,78,7,0.6,1.8,508109,455200,40326,1.4,"Belgium","Europe","Western Europe"
"41","Belize",84,"2010",17,69.6,72.4,67,37,2.5,2.8,1397,1397,4344,3.3,"Belize","Americas","Latin America and the Caribbean"
"42","Belize",84,"2015",14.3,69.8,72.7,67.2,28,2.2,2.6,1598,1743,4850,2.9,"Belize","Americas","Latin America and the Caribbean"
"43","Benin",204,"2010",74.5,58.6,60,57.1,446,2.8,5.5,6970,6970,758,2.1,"Benin","Africa","Sub-Saharan Africa"
"44","Benin",204,"2015",67.7,59.9,61.4,58.5,405,2.8,5.2,8979,8457,800,5,"Benin","Africa","Sub-Saharan Africa"
"45","Bermuda",60,"2010",NA,79.3,82.3,76.9,NA,-0.4,1.7,5855,5855,91552,-2.5,"Bermuda","Americas","Northern America"
"46","Bermuda",60,"2015",NA,NA,84.9,77.3,NA,-0.6,1.5,5281,5923,95528,0.6,"Bermuda","Americas","Northern America"
"47","Bhutan",64,"2010",39.5,66.5,66.7,66.3,204,2.1,2.6,1585,1585,2179,11.7,"Bhutan","Asia","Southern Asia"
"48","Bhutan",64,"2015",30.5,68.8,68.9,68.6,148,1.6,2.2,2069,2058,2614,6.6,"Bhutan","Asia","Southern Asia"
"49","Bolivia (Plurin. State of)",68,"2010",51,64.9,67.3,62.7,253,1.7,3.4,19650,19650,1981,4.1,"Bolivia (Plurinational State of)","Americas","Latin America and the Caribbean"
"50","Bolivia (Plurin. State of)",68,"2015",42.9,67.7,70.2,65.3,206,1.6,3,25664,33000,3077,4.9,"Bolivia (Plurinational State of)","Americas","Latin America and the Caribbean"
"51","Bonaire, St. Eustatius & Saba",535,"2010",NA,NA,NA,NA,NA,7.5,NA,NA,NA,NA,NA,"Bonaire, Sint Eustatius and Saba","Americas","Latin America and the Caribbean"
"52","Bonaire, St. Eustatius & Saba",535,"2015",NA,NA,NA,NA,NA,3.2,NA,NA,NA,NA,NA,"Bonaire, Sint Eustatius and Saba","Americas","Latin America and the Caribbean"
"53","Bosnia and Herzegovina",70,"2010",9,75.5,78.1,72.9,13,-0.3,1.3,17176,17176,4615,0.9,"Bosnia and Herzegovina","Europe","Southern Europe"
"54","Bosnia and Herzegovina",70,"2015",7.6,76.3,78.8,73.7,11,-1,1.3,18351,16210,4584,3.1,"Bosnia and Herzegovina","Europe","Southern Europe"
"55","Botswana",72,"2010",46.5,56.5,58.5,54.4,169,1.6,2.9,12787,12787,6346,8.6,"Botswana","Africa","Sub-Saharan Africa"
"56","Botswana",72,"2015",35.2,62.9,66.1,59.8,129,1.8,2.9,16146,14406,6521,-1.7,"Botswana","Africa","Sub-Saharan Africa"
"57","Brazil",76,"2010",20.4,72.9,76.7,69.2,65,1,1.9,2208838,2208838,11224,7.5,"Brazil","Americas","Latin America and the Caribbean"
"58","Brazil",76,"2015",15.8,74.7,78.4,71,44,0.9,1.8,2331897,1803650,8757,-3.8,"Brazil","Americas","Latin America and the Caribbean"
"59","Virgin Islands",92,"2010",NA,NA,NA,NA,NA,3.2,NA,NA,NA,NA,NA,"Virgin Islands (British)","Americas","Latin America and the Caribbean"
"60","Virgin Islands",92,"2015",NA,NA,NA,NA,NA,2,NA,NA,NA,NA,NA,"Virgin Islands (British)","Americas","Latin America and the Caribbean"
"61","Brunei Darussalam",96,"2010",6.5,76.7,78.4,75.1,27,1.2,1.8,13707,13707,35267,2.6,"Brunei Darussalam","Asia","South-eastern Asia"
"62","Brunei Darussalam",96,"2015",6.5,76.7,78.4,75.1,23,1.4,1.9,13638,12930,30968,-0.4,"Brunei Darussalam","Asia","South-eastern Asia"
"63","Bulgaria",100,"2010",9.5,73.1,76.7,69.7,11,-0.7,1.5,50610,50610,6835,1.3,"Bulgaria","Europe","Eastern Europe"
"64","Bulgaria",100,"2015",8.3,74.3,77.8,70.8,11,-0.6,1.5,54639,50199,6994,3.6,"Bulgaria","Europe","Eastern Europe"
"65","Burkina Faso",854,"2010",77.6,55.3,55.8,54.6,417,3,6.1,8980,8980,575,8.4,"Burkina Faso","Africa","Sub-Saharan Africa"
"66","Burkina Faso",854,"2015",64.8,58.7,59.3,58,371,3,5.6,11688,10419,575,3.9,"Burkina Faso","Africa","Sub-Saharan Africa"
"67","Burundi",108,"2010",86.2,53.7,55.4,52,808,3.3,6.5,2032,2032,232,5.1,"Burundi","Africa","Sub-Saharan Africa"
"68","Burundi",108,"2015",77.9,56.1,58,54.2,712,3,6,2407,2814,276,-0.3,"Burundi","Africa","Sub-Saharan Africa"
"69","Cape Verde",132,"2010",23.5,71.8,73.4,69.9,51,1.1,2.9,NA,NA,NA,NA,"Cabo Verde","Africa","Sub-Saharan Africa"
"70","Cape Verde",132,"2015",22.5,72.2,74,70.1,42,1.2,2.5,NA,NA,NA,NA,"Cabo Verde","Africa","Sub-Saharan Africa"
"71","Cambodia",116,"2010",45,65.1,67.4,62.7,202,1.5,3.1,11242,11242,786,6,"Cambodia","Asia","South-eastern Asia"
"72","Cambodia",116,"2015",29.9,67.6,69.6,65.5,161,1.6,2.7,15904,18050,1163,7,"Cambodia","Asia","South-eastern Asia"
"73","Cameroon",120,"2010",77.2,54.4,55.4,53.4,676,2.7,5.3,26144,26144,1309,3.4,"Cameroon","Africa","Sub-Saharan Africa"
"74","Cameroon",120,"2015",67.5,56.4,57.7,55.1,596,2.7,5,33558,30916,1354,5.7,"Cameroon","Africa","Sub-Saharan Africa"
"75","Canada",124,"2010",5.1,80.8,83,78.4,8,1.1,1.6,1613463,1613463,47221,3.1,"Canada","Americas","Northern America"
"76","Canada",124,"2015",4.7,81.8,83.8,79.7,7,1,1.6,1796368,1552808,43194,0.9,"Canada","Americas","Northern America"
"77","Cayman Islands",136,"2010",NA,NA,NA,NA,NA,2.6,NA,3267,3267,58859,-2.7,"Cayman Islands","Americas","Latin America and the Caribbean"
"78","Cayman Islands",136,"2015",NA,NA,NA,NA,NA,1.5,NA,3570,3734,62264,2.7,"Cayman Islands","Americas","Latin America and the Caribbean"
"79","Central African Republic",140,"2010",105.9,46,47.4,44.6,909,1.5,5.3,2034,2034,457,3.6,"Central African Republic","Africa","Sub-Saharan Africa"
"80","Central African Republic",140,"2015",93.5,49.4,51,47.8,882,0.4,5.1,1431,1633,359,4.8,"Central African Republic","Africa","Sub-Saharan Africa"
"81","Chad",148,"2010",105.2,48.9,49.7,48.1,NA,3.3,6.9,9791,9791,824,13.4,"Chad","Africa","Sub-Saharan Africa"
"82","Chad",148,"2015",91.2,51.7,52.8,50.5,856,3.3,6.3,11894,11695,835,4.4,"Chad","Africa","Sub-Saharan Africa"
"83","Chile",152,"2010",7.8,78.1,80.8,75.3,26,1,1.9,218538,218538,12860,5.8,"Chile","Americas","Latin America and the Caribbean"
"84","Chile",152,"2015",7.4,78.8,81.3,76.2,22,0.9,1.8,264790,242518,13653,2.3,"Chile","Americas","Latin America and the Caribbean"
"85","China",156,"2010",16.7,74.7,76.3,73.2,35,0.6,1.6,6066351,6066351,4461,10.6,"China","Asia","Eastern Asia"
"86","China",156,"2015",11.6,75.7,77.2,74.2,27,0.5,1.6,8862562,11226185,8036,6.9,"China","Asia","Eastern Asia"
"87","China, Hong Kong SAR",344,"2010",1.9,82.4,85.5,79.5,NA,0.6,1,228639,228639,32545,6.8,"Hong Kong","Asia","Eastern Asia"
"88","China, Hong Kong SAR",344,"2015",1.6,83.4,86.4,80.5,NA,0.6,1.2,264404,309406,42702,2.4,"Hong Kong","Asia","Eastern Asia"
"89","China, Macao SAR",446,"2010",3.8,82.1,84.9,79.1,NA,2.1,0.9,28124,28124,52375,25.3,"Macao","Asia","Eastern Asia"
"90","China, Macao SAR",446,"2015",3,83.3,86.2,80.3,NA,2.3,1.2,32199,45362,75485,-21.6,"Macao","Asia","Eastern Asia"
"91","Colombia",170,"2010",19,72.9,76.6,69.2,72,1.2,2.1,287018,287018,6251,4,"Colombia","Americas","Latin America and the Caribbean"
"92","Colombia",170,"2015",17.9,73.7,77.4,70.2,64,1,1.9,359120,291520,6045,3.1,"Colombia","Americas","Latin America and the Caribbean"
"93","Comoros",174,"2010",66.7,60.9,62.5,59.3,388,2.4,4.9,1068,1068,1549,3.8,"Comoros","Africa","Sub-Saharan Africa"
"94","Comoros",174,"2015",58.1,62.8,64.5,61.2,335,2.4,4.6,1307,1104,1421,-0.2,"Comoros","Africa","Sub-Saharan Africa"
"95","Republic of Congo",178,"2010",61,58,59.2,56.7,509,3.3,5,NA,NA,NA,NA,"Congo","Africa","Sub-Saharan Africa"
"96","Republic of Congo",178,"2015",46.5,62.5,64.1,61,442,2.6,4.9,NA,NA,NA,NA,"Congo","Africa","Sub-Saharan Africa"
"97","Cook Islands",184,"2010",NA,NA,NA,NA,NA,-1.2,NA,255,255,13758,-3,"Cook Islands","Oceania","Polynesia"
"98","Cook Islands",184,"2015",NA,NA,NA,NA,NA,-1.2,NA,293,285,16350,3.8,"Cook Islands","Oceania","Polynesia"
"99","Costa Rica",188,"2010",10,78.4,80.8,76.1,29,1.4,2,37269,37269,8199,5,"Costa Rica","Americas","Latin America and the Caribbean"
"100","Costa Rica",188,"2015",9.3,79.2,81.7,76.7,25,1.1,1.9,45226,54840,11406,4.7,"Costa Rica","Americas","Latin America and the Caribbean"
"101","Ivory Coast",384,"2010",84.6,49.2,50,48.5,717,2.1,5.4,NA,NA,NA,NA,"Côte d'Ivoire","Africa","Sub-Saharan Africa"
"102","Ivory Coast",384,"2015",71.6,51.7,53.2,50.4,645,2.5,5.1,NA,NA,NA,NA,"Côte d'Ivoire","Africa","Sub-Saharan Africa"
"103","Croatia",191,"2010",5.7,76.1,79.5,72.6,10,-0.2,1.5,59829,59829,13823,-1.4,"Croatia","Europe","Southern Europe"
"104","Croatia",191,"2015",3.9,77,80.4,73.6,8,-0.4,1.5,59221,49425,11668,2.3,"Croatia","Europe","Southern Europe"
"105","Cuba",192,"2010",5.7,78.7,80.7,76.7,44,0.1,1.6,64328,64328,5676,2.4,"Cuba","Americas","Latin America and the Caribbean"
"106","Cuba",192,"2015",5.5,79.2,81.3,77.1,39,0.2,1.7,73869,87206,7609,4.4,"Cuba","Americas","Latin America and the Caribbean"
"107","Curacao",531,"2010",13,76.1,79.4,72.7,NA,2.6,2,NA,NA,NA,NA,"Curaçao","Americas","Latin America and the Caribbean"
"108","Curacao",531,"2015",10.3,77.8,80.7,74.5,NA,1.4,2.1,NA,NA,NA,NA,"Curaçao","Americas","Latin America and the Caribbean"
"109","Cyprus",196,"2010",4.4,79,81.1,76.9,8,1.6,1.5,25561,25561,30817,1.3,"Cyprus","Asia","Western Asia"
"110","Cyprus",196,"2015",4.2,79.9,82.2,77.7,7,0.9,1.4,23512,19677,23231,2,"Cyprus","Asia","Western Asia"
"111","Czech Republic",203,"2010",3.1,77,80.1,73.8,5,0.5,1.4,NA,NA,NA,NA,"Czechia","Europe","Eastern Europe"
"112","Czech Republic",203,"2015",2.5,78.2,81.2,75.1,4,0.1,1.5,NA,NA,NA,NA,"Czechia","Europe","Eastern Europe"
"113","North Korea",408,"2010",27.3,68.4,71.8,64.8,97,0.6,2,NA,NA,NA,NA,"Korea (Democratic People's Republic of)","Asia","Eastern Asia"
"114","North Korea",408,"2015",18.5,70.8,74.1,67.2,82,0.5,2,NA,NA,NA,NA,"Korea (Democratic People's Republic of)","Asia","Eastern Asia"
"115","Democratic Republic of the Congo",180,"2010",83.9,55.5,56.9,54,794,3.3,6.6,NA,NA,NA,NA,"Congo (Democratic Republic of the)","Africa","Sub-Saharan Africa"
"116","Democratic Republic of the Congo",180,"2015",73.2,58.1,59.5,56.7,693,3.3,6.4,NA,NA,NA,NA,"Congo (Democratic Republic of the)","Africa","Sub-Saharan Africa"
"117","Denmark",208,"2010",3.7,78.6,80.8,76.4,7,0.5,1.9,321995,321995,57967,1.9,"Denmark","Europe","Northern Europe"
"118","Denmark",208,"2015",3.5,80.1,82.2,78.1,6,0.5,1.7,340826,301298,52964,1.6,"Denmark","Europe","Northern Europe"
"119","Djibouti",262,"2010",63.4,59.1,60.5,57.6,275,1.7,3.6,1067,1067,1254,3.5,"Djibouti","Africa","Sub-Saharan Africa"
"120","Djibouti",262,"2015",55.3,61.6,63.2,60,229,1.7,3.1,1385,1737,1873,6.5,"Djibouti","Africa","Sub-Saharan Africa"
"121","Dominica",212,"2010",NA,NA,NA,NA,NA,0.2,NA,494,494,6912,1.2,"Dominica","Americas","Latin America and the Caribbean"
"122","Dominica",212,"2015",NA,NA,NA,NA,NA,0.5,NA,495,535,7314,-2.5,"Dominica","Americas","Latin America and the Caribbean"
"123","Dominican Republic",214,"2010",29.6,72.2,75.5,69.2,75,1.4,2.7,53132,53132,5368,8.3,"Dominican Republic","Americas","Latin America and the Caribbean"
"124","Dominican Republic",214,"2015",25.1,73.2,76.5,70.2,92,1.2,2.5,67937,68103,6468,7,"Dominican Republic","Americas","Latin America and the Caribbean"
"125","Ecuador",218,"2010",23.4,74.6,77.5,71.7,75,1.7,2.7,69555,69555,4657,3.5,"Ecuador","Americas","Latin America and the Caribbean"
"126","Ecuador",218,"2015",21.1,75.5,78.4,72.8,64,1.6,2.6,86639,100177,6205,0.2,"Ecuador","Americas","Latin America and the Caribbean"
"127","Egypt",818,"2010",23.5,69.9,72.2,67.6,40,1.8,3,214630,214630,2552,5.1,"Egypt","Africa","Northern Africa"
"128","Egypt",818,"2015",18.9,70.8,73.1,68.7,33,2.2,3.4,247761,317750,3388,6.3,"Egypt","Africa","Northern Africa"
"129","El Salvador",222,"2010",20.7,71.1,75.6,66.4,59,0.4,2.4,21418,21418,3474,1.4,"El Salvador","Americas","Latin America and the Caribbean"
"130","El Salvador",222,"2015",17,72.6,77.1,67.9,54,0.5,2.2,23570,26052,4127,2.3,"El Salvador","Americas","Latin America and the Caribbean"
"131","Equatorial Guinea",226,"2010",80.4,54.9,56.2,53.8,379,4.6,5.4,16299,16299,17136,-8.9,"Equatorial Guinea","Africa","Sub-Saharan Africa"
"132","Equatorial Guinea",226,"2015",70,56.8,58.4,55.5,342,4.2,5,16468,12597,10717,-9,"Equatorial Guinea","Africa","Sub-Saharan Africa"
"133","Eritrea",232,"2010",51.7,60.7,62.7,58.7,579,2,4.8,2117,2117,482,2.2,"Eritrea","Africa","Sub-Saharan Africa"
"134","Eritrea",232,"2015",45,63.4,65.6,61.4,501,2,4.4,2791,4783,987,4.8,"Eritrea","Africa","Sub-Saharan Africa"
"135","Estonia",233,"2010",4.7,73.8,79,68.3,8,-0.4,1.7,19503,19503,14640,2.3,"Estonia","Europe","Northern Europe"
"136","Estonia",233,"2015",3.2,76.8,81.2,71.9,9,-0.3,1.6,23341,22567,17157,1.7,"Estonia","Europe","Northern Europe"
"137","Ethiopia",231,"2010",59.9,59.1,60.6,57.6,523,2.7,5.3,26311,26311,300,12.6,"Ethiopia","Africa","Sub-Saharan Africa"
"138","Ethiopia",231,"2015",45.8,63.7,65.5,61.9,353,2.6,4.6,43538,63079,632,10.4,"Ethiopia","Africa","Sub-Saharan Africa"
"139","Falkland Islands (Malvinas)",238,"2010",NA,NA,NA,NA,NA,-0.6,NA,NA,NA,NA,NA,"Falkland Islands (Malvinas)","Americas","Latin America and the Caribbean"
"140","Falkland Islands (Malvinas)",238,"2015",NA,NA,NA,NA,NA,0.3,NA,NA,NA,NA,NA,"Falkland Islands (Malvinas)","Americas","Latin America and the Caribbean"
"141","Faroe Islands",234,"2010",NA,NA,NA,NA,NA,0.1,2.5,NA,NA,NA,NA,"Faroe Islands","Europe","Northern Europe"
"142","Faroe Islands",234,"2015",NA,NA,NA,NA,NA,0.2,2.4,NA,NA,NA,NA,"Faroe Islands","Europe","Northern Europe"
"143","Fiji",242,"2010",17.9,68.8,71.9,66.1,34,0.9,2.8,3140,3140,3652,3,"Fiji","Oceania","Melanesia"
"144","Fiji",242,"2015",16,69.7,72.9,66.9,30,0.7,2.6,3756,4362,4890,3.8,"Fiji","Oceania","Melanesia"
"145","Finland",246,"2010",2.7,79.5,82.9,76.1,3,0.4,1.8,247800,247800,46181,3,"Finland","Europe","Northern Europe"
"146","Finland",246,"2015",2.3,80.7,83.7,77.7,3,0.4,1.8,247054,232439,42401,0,"Finland","Europe","Northern Europe"
"147","France",250,"2010",3.7,80.8,84.3,77.4,9,0.6,2,2646837,2646837,40629,2,"France","Europe","Western Europe"
"148","France",250,"2015",3.4,81.9,85,78.8,8,0.4,2,2777538,2433562,36504,1.1,"France","Europe","Western Europe"
"149","French Guiana",254,"2010",10.6,78,81.4,75,NA,2.8,3.6,NA,NA,NA,NA,"French Guiana","Americas","Latin America and the Caribbean"
"150","French Guiana",254,"2015",9.3,79.2,82.6,76.1,NA,2.8,3.5,NA,NA,NA,NA,"French Guiana","Americas","Latin America and the Caribbean"
"151","French Polynesia",258,"2010",8.8,75,77.5,72.8,NA,1,2.2,6081,6081,22704,-2.5,"French Polynesia","Oceania","Polynesia"
"152","French Polynesia",258,"2015",6.9,76.1,78.6,74,NA,0.7,2.1,6032,5283,19026,1.5,"French Polynesia","Oceania","Polynesia"
"153","Gabon",266,"2010",49.3,61.3,61.8,60.8,322,3.1,4.2,12882,12882,7854,6.8,"Gabon","Africa","Sub-Saharan Africa"
"154","Gabon",266,"2015",40.8,64.5,65.8,63.1,291,3.3,4,16755,13660,7077,4,"Gabon","Africa","Sub-Saharan Africa"
"155","Gambia",270,"2010",52.4,58.8,60.2,57.6,753,3.2,5.8,952,952,563,6.5,"Gambia","Africa","Sub-Saharan Africa"
"156","Gambia",270,"2015",49.8,60.3,61.6,59.1,706,3.1,5.6,1064,939,475,4.3,"Gambia","Africa","Sub-Saharan Africa"
"157","Georgia",268,"2010",20.2,72.7,76.5,68.6,40,-1.2,1.8,11638,11638,2750,6.2,"Georgia","Asia","Western Asia"
"158","Georgia",268,"2015",11.2,72.8,77,68.5,36,-1.4,2,14768,13993,3541,2.9,"Georgia","Asia","Western Asia"
"159","Germany",276,"2010",3.7,79.7,82.4,77,7,-0.2,1.4,3417095,3417095,42241,4.1,"Germany","Europe","Western Europe"
"160","Germany",276,"2015",3.4,80.4,82.9,77.9,6,0.2,1.4,3709598,3375611,41313,1.7,"Germany","Europe","Western Europe"
"161","Ghana",288,"2010",55.4,60,60.9,59.2,325,2.6,4.4,32174,32174,1313,7.9,"Ghana","Africa","Sub-Saharan Africa"
"162","Ghana",288,"2015",46.5,61.7,62.6,60.7,319,2.4,4.2,46468,37338,1354,3.8,"Ghana","Africa","Sub-Saharan Africa"
"163","Gibraltar",292,"2010",NA,NA,NA,NA,NA,0.7,NA,NA,NA,NA,NA,"Gibraltar","Europe","Southern Europe"
"164","Gibraltar",292,"2015",NA,NA,NA,NA,NA,0.6,NA,NA,NA,NA,NA,"Gibraltar","Europe","Southern Europe"
"165","Greece",300,"2010",3.5,80,82.8,77.3,3,0.3,1.5,299362,299362,26154,-5.5,"Greece","Europe","Southern Europe"
"166","Greece",300,"2015",3.3,80.6,83.3,78,3,-0.4,1.3,245080,195542,17431,-0.3,"Greece","Europe","Southern Europe"
"167","Greenland",304,"2010",NA,NA,71,65.7,NA,-0.1,2.3,2307,2307,40724,2.7,"Greenland","Americas","Northern America"
"168","Greenland",304,"2015",NA,NA,72.9,68.2,NA,-0.1,NA,2325,2220,39384,1.7,"Greenland","Americas","Northern America"
"169","Grenada",308,"2010",10.2,72,74.4,69.6,27,0.3,2.3,771,771,7366,-0.5,"Grenada","Americas","Latin America and the Caribbean"
"170","Grenada",308,"2015",9.6,73.2,75.6,70.8,27,0.4,2.2,896,984,9212,6.2,"Grenada","Americas","Latin America and the Caribbean"
"171","Guadeloupe",312,"2010",7,79.3,82.9,75.7,NA,0.5,2.1,NA,NA,NA,NA,"Guadeloupe","Americas","Latin America and the Caribbean"
"172","Guadeloupe",312,"2015",5.8,80.5,84,76.8,NA,0,2,NA,NA,NA,NA,"Guadeloupe","Americas","Latin America and the Caribbean"
"173","Guam",316,"2010",11.4,77.4,80.3,74.7,NA,0.1,2.5,NA,NA,NA,NA,"Guam","Oceania","Micronesia"
"174","Guam",316,"2015",9.6,78.8,81.5,76.4,NA,0.3,2.4,NA,NA,NA,NA,"Guam","Oceania","Micronesia"
"175","Guatemala",320,"2010",31.3,70.5,73.7,67.3,109,2.2,3.6,41338,41338,2825,2.9,"Guatemala","Americas","Latin America and the Caribbean"
"176","Guatemala",320,"2015",26.9,72.4,75.6,69.2,88,2.1,3.2,49879,63767,3924,4.1,"Guatemala","Americas","Latin America and the Caribbean"
"177","Guinea",324,"2010",77.7,55.5,56.4,54.5,720,2.2,5.5,6853,6853,635,4.2,"Guinea","Africa","Sub-Saharan Africa"
"178","Guinea",324,"2015",65.7,57.9,58.4,57.5,679,2.3,5.1,8632,8767,725,4.5,"Guinea","Africa","Sub-Saharan Africa"
"179","Guinea-Bissau",624,"2010",91.1,54.2,55.6,52.8,570,2.4,5.2,849,849,546,4.6,"Guinea-Bissau","Africa","Sub-Saharan Africa"
"180","Guinea-Bissau",624,"2015",80.4,56,57.7,54.3,549,2.6,4.9,981,1014,573,5.1,"Guinea-Bissau","Africa","Sub-Saharan Africa"
"181","Guyana",328,"2010",34.4,65.8,68.4,63.4,241,-0.1,2.7,2259,2259,3026,4.1,"Guyana","Americas","Latin America and the Caribbean"
"182","Guyana",328,"2015",33.2,66.3,68.6,64,229,0.6,2.6,2813,3179,4137,3.1,"Guyana","Americas","Latin America and the Caribbean"
"183","Haiti",332,"2010",52.2,60.2,62.3,58.2,389,1.5,3.5,6708,6708,671,-5.5,"Haiti","Americas","Latin America and the Caribbean"
"184","Haiti",332,"2015",46.9,62.3,64.4,60.2,359,1.4,3.1,7899,8355,780,1.2,"Haiti","Americas","Latin America and the Caribbean"
"185","Vatican",336,"2010",NA,NA,NA,NA,NA,0,NA,NA,NA,NA,NA,"Holy See","Europe","Southern Europe"
"186","Vatican",336,"2015",NA,NA,NA,NA,NA,0,NA,NA,NA,NA,NA,"Holy See","Europe","Southern Europe"
"187","Honduras",340,"2010",29.4,72,74.5,69.6,155,2.1,3.2,15839,15839,1933,3.7,"Honduras","Americas","Latin America and the Caribbean"
"188","Honduras",340,"2015",27.8,72.9,75.4,70.4,129,1.8,2.7,18803,20844,2326,3.6,"Honduras","Americas","Latin America and the Caribbean"
"189","Hungary",348,"2010",5.7,73.7,77.8,69.6,15,-0.3,1.3,130923,130923,13187,0.7,"Hungary","Europe","Eastern Europe"
"190","Hungary",348,"2015",4.9,75.4,78.9,71.7,17,-0.3,1.3,143996,122879,12559,3.4,"Hungary","Europe","Eastern Europe"
"191","Iceland",352,"2010",2,81.4,83.2,79.6,4,1.6,2.1,13311,13311,41553,-3.6,"Iceland","Europe","Northern Europe"
"192","Iceland",352,"2015",1.6,82.2,83.8,80.6,3,0.6,2,15222,16922,51242,4.1,"Iceland","Europe","Northern Europe"
"193","India",356,"2010",49.8,65.6,66.5,64.7,215,1.5,2.8,1650635,1650635,1341,10.3,"India","Asia","Southern Asia"
"194","India",356,"2015",41.3,67.6,69.1,66.2,174,1.2,2.4,2293063,2132755,1629,8,"India","Asia","Southern Asia"
"195","Indonesia",360,"2010",29.7,67.7,69.8,65.6,165,1.3,2.5,755094,755094,3113,6.2,"Indonesia","Asia","South-eastern Asia"
"196","Indonesia",360,"2015",25,68.6,70.7,66.6,126,1.3,2.5,988128,861256,3336,4.9,"Indonesia","Asia","South-eastern Asia"
"197","Iran (Islamic Republic of)",364,"2010",18.9,72.7,74.6,71,27,1.1,1.8,491099,491099,6586,5.8,"Iran (Islamic Republic of)","Asia","Southern Asia"
"198","Iran (Islamic Republic of)",364,"2015",14.8,75.1,76.2,74,25,1.2,1.7,480662,393436,4958,-1.3,"Iran (Islamic Republic of)","Asia","Southern Asia"
"199","Iraq",368,"2010",33.3,68,71.2,65.1,51,2.6,4.6,117138,117138,3808,5.5,"Iraq","Asia","Western Asia"
"200","Iraq",368,"2015",32.1,69.2,71.4,67,50,3.2,4.6,190891,167658,4642,4,"Iraq","Asia","Western Asia"
"201","Ireland",372,"2010",3.7,79.7,82,77.4,7,1.9,2,221951,221951,47969,1.8,"Ireland","Europe","Northern Europe"
"202","Ireland",372,"2015",3.4,80.9,83,78.7,8,0.3,2,316109,290617,61832,25.6,"Ireland","Europe","Northern Europe"
"203","Isle of Man",833,"2010",NA,NA,NA,NA,NA,1,NA,NA,NA,NA,NA,"Isle of Man","Europe","Northern Europe"
"204","Isle of Man",833,"2015",NA,NA,NA,NA,NA,0.8,NA,NA,NA,NA,NA,"Isle of Man","Europe","Northern Europe"
"205","Israel",376,"2010",4,80.9,82.8,79,6,2.3,2.9,233611,233611,31459,5.5,"Israel","Asia","Western Asia"
"206","Israel",376,"2015",3.4,81.9,83.7,80,5,1.7,3,277976,299094,37088,2.6,"Israel","Asia","Western Asia"
"207","Italy",380,"2010",3.4,81.5,84.1,78.8,4,0.3,1.4,2125058,2125058,35578,1.7,"Italy","Europe","Southern Europe"
"208","Italy",380,"2015",3,82.3,84.7,79.9,4,-0.1,1.4,2063873,1832347,30794,1,"Italy","Europe","Southern Europe"
"209","Jamaica",388,"2010",17.9,74.2,76.8,71.7,93,0.5,2.3,13219,13219,4692,-1.5,"Jamaica","Americas","Latin America and the Caribbean"
"210","Jamaica",388,"2015",15,75.5,77.9,73.1,89,0.4,2.1,13643,14187,4940,0.9,"Jamaica","Americas","Latin America and the Caribbean"
"211","Japan",392,"2010",2.6,82.7,86,79.2,6,0,1.3,5700098,5700098,44341,4.2,"Japan","Asia","Eastern Asia"
"212","Japan",392,"2015",2.2,83.3,86.4,80,5,-0.1,1.4,5979746,4379869,34224,1.1,"Japan","Asia","Eastern Asia"
"213","Jordan",400,"2010",19.7,73,74.6,71.5,59,4.6,3.7,26425,26425,3679,2.3,"Jordan","Asia","Western Asia"
"214","Jordan",400,"2015",17.1,73.8,75.5,72.2,58,4.9,3.6,30206,37517,4096,2.4,"Jordan","Asia","Western Asia"
"215","Kazakhstan",398,"2010",23.9,66.1,71.9,60.6,20,1.1,2.5,148047,148047,9028,7.3,"Kazakhstan","Asia","Central Asia"
"216","Kazakhstan",398,"2015",14.1,69.1,73.9,64.3,12,1.6,2.7,188652,184388,10388,1.2,"Kazakhstan","Asia","Central Asia"
"217","Kenya",404,"2010",49.4,59.7,61.3,58.1,605,2.7,4.7,40000,40000,967,8.4,"Kenya","Africa","Sub-Saharan Africa"
"218","Kenya",404,"2015",39.4,65.4,67.8,63,510,2.7,4.1,52334,63768,1350,5.7,"Kenya","Africa","Sub-Saharan Africa"
"219","Kiribati",296,"2010",49.3,65.1,68.1,62,109,2.1,3.9,153,153,1493,-1.6,"Kiribati","Oceania","Micronesia"
"220","Kiribati",296,"2015",46.9,65.7,68.9,62.4,90,1.8,3.8,184,167,1487,7.5,"Kiribati","Oceania","Micronesia"
"221","Kuwait",414,"2010",9.7,73.7,74.8,73,5,5.5,2.4,115416,115416,38497,-2.4,"Kuwait","Asia","Western Asia"
"222","Kuwait",414,"2015",8.4,74.3,75.5,73.5,4,5.4,2.1,139679,114059,28980,1.8,"Kuwait","Asia","Western Asia"
"223","Kyrgyzstan",417,"2010",30.3,67.5,71.7,63.5,84,1.3,2.8,4794,4794,884,-0.5,"Kyrgyzstan","Asia","Central Asia"
"224","Kyrgyzstan",417,"2015",19.6,70.3,74.3,66.4,76,1.6,3.1,6062,6678,1139,3.9,"Kyrgyzstan","Asia","Central Asia"
"225","Laos",418,"2010",56.7,63.2,64.5,61.8,294,1.6,3.4,NA,NA,NA,NA,"Lao People's Democratic Republic","Asia","South-eastern Asia"
"226","Laos",418,"2015",47.3,65.4,66.8,63.9,197,1.3,2.9,NA,NA,NA,NA,"Lao People's Democratic Republic","Asia","South-eastern Asia"
"227","Latvia",428,"2010",7.8,71.6,77,66,19,-1.2,1.5,23765,23765,11216,-3.9,"Latvia","Europe","Northern Europe"
"228","Latvia",428,"2015",6.5,73.9,78.7,68.8,18,-1.2,1.5,28276,27009,13554,2.8,"Latvia","Europe","Northern Europe"
"229","Lebanon",422,"2010",10.6,77.7,79.7,76,19,1.7,1.6,38420,38420,8858,8,"Lebanon","Asia","Western Asia"
"230","Lebanon",422,"2015",9.2,78.9,80.9,77.3,15,6,1.7,42070,49459,8452,0.8,"Lebanon","Asia","Western Asia"
"231","Lesotho",426,"2010",74.1,49,50.2,47.6,587,0.9,3.4,2394,2394,1173,6.5,"Lesotho","Africa","Sub-Saharan Africa"
"232","Lesotho",426,"2015",59.8,52.5,54.7,50.1,487,1.3,3.3,2983,2335,1074,5.6,"Lesotho","Africa","Sub-Saharan Africa"
"233","Liberia",430,"2010",71.8,58.1,59,57.2,811,3.8,5.2,1292,1292,327,7.3,"Liberia","Africa","Sub-Saharan Africa"
"234","Liberia",430,"2015",59,60.7,61.6,59.8,725,2.6,4.8,1871,2669,593,9.3,"Liberia","Africa","Sub-Saharan Africa"
"235","Libya",434,"2010",24.3,71.8,74.4,69.5,9,1.3,2.4,80942,80942,13121,4.3,"Libya","Africa","Northern Africa"
"236","Libya",434,"2015",24.3,71.5,74.4,68.8,9,0.2,2.4,24059,37367,5993,-6.1,"Libya","Africa","Northern Africa"
"237","Liechtenstein",438,"2010",NA,NA,NA,NA,NA,0.7,1.4,5621,5621,156127,7.4,"Liechtenstein","Europe","Western Europe"
"238","Liechtenstein",438,"2015",NA,NA,NA,NA,NA,0.8,NA,5912,6290,168177,0.4,"Liechtenstein","Europe","Western Europe"
"239","Lithuania",440,"2010",6,71.9,77.8,66,9,-1.4,1.4,37130,37130,11886,1.6,"Lithuania","Europe","Northern Europe"
"240","Lithuania",440,"2015",4.4,74,79.3,68.5,10,-1.3,1.6,44699,41509,14157,2,"Lithuania","Europe","Northern Europe"
"241","Luxembourg",442,"2010",2.3,79.5,82.2,76.7,11,2.1,1.6,53212,53212,104772,4.9,"Luxembourg","Europe","Western Europe"
"242","Luxembourg",442,"2015",3.4,81.1,83.5,78.8,10,2.2,1.5,61317,57784,101959,2.9,"Luxembourg","Europe","Western Europe"
"243","Madagascar",450,"2010",45.5,62.2,63.7,60.8,436,2.9,4.8,10401,10401,492,0.6,"Madagascar","Africa","Sub-Saharan Africa"
"244","Madagascar",450,"2015",36.8,64.5,66,63,353,2.7,4.4,11650,11406,471,3.1,"Madagascar","Africa","Sub-Saharan Africa"
"245","Malawi",454,"2010",79.7,53.4,55.2,51.5,629,3,5.7,6960,6960,459,6.9,"Malawi","Africa","Sub-Saharan Africa"
"246","Malawi",454,"2015",66.5,60.7,63.1,58.2,634,2.9,4.9,8444,6430,366,2.8,"Malawi","Africa","Sub-Saharan Africa"
"247","Malaysia",458,"2010",6.8,73.7,76.1,71.6,48,1.8,2.2,255018,255018,9071,7.4,"Malaysia","Asia","South-eastern Asia"
"248","Malaysia",458,"2015",6.5,74.7,77.1,72.6,40,1.8,2.1,329952,296284,9644,5,"Malaysia","Asia","South-eastern Asia"
"249","Maldives",462,"2010",14.8,75.6,76.8,74.6,87,2.7,2.3,2588,2588,7100,7.3,"Maldives","Asia","Southern Asia"
"250","Maldives",462,"2015",9,76.3,77.4,75.4,68,2.8,2.2,3391,4007,9576,2.2,"Maldives","Asia","Southern Asia"
"251","Mali",466,"2010",89.1,54,54.7,53.4,630,3.3,6.7,10679,10679,708,10.9,"Mali","Africa","Sub-Saharan Africa"
"252","Mali",466,"2015",78.5,56.2,56.9,55.6,587,2.9,6.4,15885,13038,746,7.6,"Mali","Africa","Sub-Saharan Africa"
"253","Malta",470,"2010",5.8,79.4,81.1,77.7,11,0.5,1.4,8741,8741,21005,3.5,"Malta","Europe","Southern Europe"
"254","Malta",470,"2015",4.8,80.3,82,78.6,9,0.5,1.4,11017,10286,24054,7.1,"Malta","Europe","Southern Europe"
"255","Marshall Islands",584,"2010",NA,NA,NA,NA,NA,0.1,NA,165,165,3143,6.4,"Marshall Islands","Oceania","Micronesia"
"256","Marshall Islands",584,"2015",NA,NA,NA,NA,NA,0.2,NA,177,179,3386,0.6,"Marshall Islands","Oceania","Micronesia"
"257","Martinique",474,"2010",7.6,80.1,83.2,76.7,NA,-0.1,2.1,NA,NA,NA,NA,"Martinique","Americas","Latin America and the Caribbean"
"258","Martinique",474,"2015",6.4,81.2,84.4,77.8,NA,-0.5,2,NA,NA,NA,NA,"Martinique","Americas","Latin America and the Caribbean"
"259","Mauritania",478,"2010",72.4,61.3,62.9,59.8,723,2.8,5.1,4338,4338,1202,4.8,"Mauritania","Africa","Sub-Saharan Africa"
"260","Mauritania",478,"2015",68,62.6,64.1,61.2,602,2.9,4.9,5549,4783,1144,3.1,"Mauritania","Africa","Sub-Saharan Africa"
"261","Mauritius",480,"2010",13.2,72.8,76.3,69.4,59,0.4,1.7,10004,10004,8016,4.4,"Mauritius","Africa","Sub-Saharan Africa"
"262","Mauritius",480,"2015",12,74.1,77.7,70.7,53,0.2,1.5,11956,11682,9275,3.5,"Mauritius","Africa","Sub-Saharan Africa"
"263","Mayotte",175,"2010",5.6,78,81.9,74.5,NA,3.2,4.6,NA,NA,NA,NA,"Mayotte","Africa","Sub-Saharan Africa"
"264","Mayotte",175,"2015",4.2,79.3,82.9,76,NA,2.8,4.1,NA,NA,NA,NA,"Mayotte","Africa","Sub-Saharan Africa"
"265","Mexico",484,"2010",19.9,75.7,78.1,73.3,45,1.6,2.4,1057801,1057801,9016,5.1,"Mexico","Americas","Latin America and the Caribbean"
"266","Mexico",484,"2015",18.8,76.5,78.9,74,38,1.4,2.3,1223395,1169625,9291,3.3,"Mexico","Americas","Latin America and the Caribbean"
"267","Micronesia (Fed. States of)",583,"2010",34.9,68.3,69.1,67.6,115,-0.5,3.6,297,297,2862,2,"Micronesia (Federated States of)","Oceania","Micronesia"
"268","Micronesia (Fed. States of)",583,"2015",33.2,68.8,69.9,67.7,100,0.2,3.3,296,315,3018,4.9,"Micronesia (Federated States of)","Oceania","Micronesia"
"269","Monaco",492,"2010",NA,NA,NA,NA,NA,1.9,NA,5362,5362,144561,2.2,"Monaco","Europe","Western Europe"
"270","Monaco",492,"2015",NA,NA,NA,NA,NA,0.6,NA,7146,6259,163394,4.9,"Monaco","Europe","Western Europe"
"271","Mongolia",496,"2010",30.5,66.1,70.3,62.4,63,1.4,2.4,7189,7189,2650,6.4,"Mongolia","Asia","Eastern Asia"
"272","Mongolia",496,"2015",22.8,68.5,72.7,64.5,44,1.9,2.8,11680,11750,3947,2.4,"Mongolia","Asia","Eastern Asia"
"273","Montenegro",499,"2010",10.9,74.2,76.5,71.9,8,0.3,1.8,4138,4138,6628,2.7,"Montenegro","Europe","Southern Europe"
"274","Montenegro",499,"2015",4.1,76.4,78.8,74,7,0.1,1.7,4528,4020,6400,3.4,"Montenegro","Europe","Southern Europe"
"275","Montserrat",500,"2010",NA,NA,NA,NA,NA,0.7,NA,56,56,11228,-2.8,"Montserrat","Americas","Latin America and the Caribbean"
"276","Montserrat",500,"2015",NA,NA,NA,NA,NA,0.7,NA,65,59,11556,0.4,"Montserrat","Americas","Latin America and the Caribbean"
"277","Morocco",504,"2010",33.2,72.9,74.4,71.3,153,1.2,2.6,93217,93217,2876,4,"Morocco","Africa","Northern Africa"
"278","Morocco",504,"2015",28.1,74.9,76,73.7,121,1.4,2.6,116062,101187,2907,4.9,"Morocco","Africa","Northern Africa"
"279","Mozambique",508,"2010",78.1,53.2,55,51.4,619,2.9,5.7,10154,10154,419,6.7,"Mozambique","Africa","Sub-Saharan Africa"
"280","Mozambique",508,"2015",67.3,56.1,58.1,54,489,2.9,5.5,14308,14798,528,6.6,"Mozambique","Africa","Sub-Saharan Africa"
"281","Myanmar",104,"2010",52.2,64.3,66.3,62.2,205,0.7,2.6,41445,41445,826,10.2,"Myanmar","Asia","South-eastern Asia"
"282","Myanmar",104,"2015",45,66,68.3,63.7,178,0.9,2.3,58845,62543,1193,7,"Myanmar","Asia","South-eastern Asia"
"283","Namibia",516,"2010",46.6,55,56.6,53.3,319,1.3,3.6,11282,11282,5192,6,"Namibia","Africa","Sub-Saharan Africa"
"284","Namibia",516,"2015",36.4,61.7,64.3,59.1,265,2.2,3.6,14830,11571,4770,6,"Namibia","Africa","Sub-Saharan Africa"
"285","Nauru",520,"2010",NA,NA,NA,NA,NA,-0.2,NA,62,62,6234,20.1,"Nauru","Oceania","Micronesia"
"286","Nauru",520,"2015",NA,NA,NA,NA,NA,2.3,NA,162,90,7955,2.8,"Nauru","Oceania","Micronesia"
"287","Nepal",524,"2010",41.3,66.8,68.1,65.5,349,1.1,3,16281,16281,602,4.8,"Nepal","Asia","Southern Asia"
"288","Nepal",524,"2015",32.8,68.9,70.5,67.4,258,1.2,2.3,20119,20801,726,3.3,"Nepal","Asia","Southern Asia"
"289","Netherlands",528,"2010",4.1,80.2,82.2,78,8,0.4,1.7,836390,836390,50135,1.4,"Netherlands","Europe","Western Europe"
"290","Netherlands",528,"2015",3.5,81.3,83.1,79.4,7,0.3,1.7,870890,757999,44750,2.3,"Netherlands","Europe","Western Europe"
"291","New Caledonia",540,"2010",15.1,75.2,78.3,72.4,NA,1.5,2.3,9355,9355,37266,6.9,"New Caledonia","Oceania","Melanesia"
"292","New Caledonia",540,"2015",13,76.3,79.3,73.7,NA,1.4,2.2,10834,9174,34094,3.6,"New Caledonia","Oceania","Melanesia"
"293","New Zealand",554,"2010",5,80.3,82.3,78.3,13,1.1,2.1,146584,146584,33543,1,"New Zealand","Oceania","Australia and New Zealand"
"294","New Zealand",554,"2015",4.4,81.3,83.1,79.5,11,1.1,2,167686,177621,38492,3.5,"New Zealand","Oceania","Australia and New Zealand"
"295","Nicaragua",558,"2010",24,72.8,75.9,69.8,166,1.3,2.6,8759,8759,1526,4.4,"Nicaragua","Americas","Latin America and the Caribbean"
"296","Nicaragua",558,"2015",20,74.5,77.5,71.4,150,1.2,2.3,11432,12748,2096,4.9,"Nicaragua","Americas","Latin America and the Caribbean"
"297","Niger",562,"2010",74.8,54.9,55.6,54.3,657,3.7,7.6,5719,5719,348,8.4,"Niger","Africa","Sub-Saharan Africa"
"298","Niger",562,"2015",65.8,58.5,59.5,57.6,553,3.8,7.4,7698,7218,363,4,"Niger","Africa","Sub-Saharan Africa"
"299","Nigeria",566,"2010",89.9,49.7,50.5,49,867,2.6,5.9,369062,369062,2327,7.8,"Nigeria","Africa","Sub-Saharan Africa"
"300","Nigeria",566,"2015",76.3,51.9,52.6,51.2,814,2.7,5.7,464282,494583,2730,2.7,"Nigeria","Africa","Sub-Saharan Africa"
"301","Niue",570,"2010",NA,NA,NA,NA,NA,-0.7,NA,NA,NA,NA,NA,"Niue","Oceania","Polynesia"
"302","Niue",570,"2015",NA,NA,NA,NA,NA,-0.1,NA,NA,NA,NA,NA,"Niue","Oceania","Polynesia"
"303","Northern Mariana Islands",580,"2010",NA,NA,NA,NA,NA,-3.2,2.2,NA,NA,NA,NA,"Northern Mariana Islands","Oceania","Micronesia"
"304","Northern Mariana Islands",580,"2015",NA,NA,NA,NA,NA,0.1,NA,NA,NA,NA,NA,"Northern Mariana Islands","Oceania","Micronesia"
"305","Norway",578,"2010",3,80.6,82.8,78.3,6,1.1,1.9,429131,429131,87831,0.7,"Norway","Europe","Northern Europe"
"306","Norway",578,"2015",2.4,81.6,83.6,79.5,5,1.2,1.8,467662,386663,74361,2,"Norway","Europe","Northern Europe"
"307","Oman",512,"2010",9.8,75.1,77.5,73.2,18,3.8,2.9,58641,58641,19281,4.8,"Oman","Asia","Western Asia"
"308","Oman",512,"2015",9.6,76.2,78.7,74.5,17,6.5,2.9,71695,69832,16627,5.7,"Oman","Asia","Western Asia"
"309","Other non-specified areas",158,"2010",5.2,78.2,81.5,75.2,NA,0.4,1.1,NA,NA,NA,NA,"Taiwan, Province of China","Asia","Eastern Asia"
"310","Other non-specified areas",158,"2015",4.2,79.2,82.3,76.4,NA,0.3,1.1,NA,NA,NA,NA,"Taiwan, Province of China","Asia","Eastern Asia"
"311","Pakistan",586,"2010",76.9,64.4,65.3,63.5,211,2.1,4,174508,174508,1023,1.6,"Pakistan","Asia","Southern Asia"
"312","Pakistan",586,"2015",69.8,65.9,66.8,65,178,2.1,3.7,212366,267523,1413,4.7,"Pakistan","Asia","Southern Asia"
"313","Palau",585,"2010",NA,NA,NA,NA,NA,0.6,NA,183,183,8956,3,"Palau","Oceania","Micronesia"
"314","Palau",585,"2015",13.3,73,77.8,68.1,NA,0.8,2.2,230,298,13982,11.4,"Palau","Oceania","Micronesia"
"315","Panama",591,"2010",16.8,76.4,79.4,73.5,101,1.8,2.6,28917,28917,7937,5.8,"Panama","Americas","Latin America and the Caribbean"
"316","Panama",591,"2015",15.2,77.3,80.5,74.3,94,1.7,2.6,42242,52132,13134,5.8,"Panama","Americas","Latin America and the Caribbean"
"317","Papua New Guinea",598,"2010",51.9,64.2,66.7,61.8,238,2.4,4.1,14205,14205,1998,11.2,"Papua New Guinea","Oceania","Melanesia"
"318","Papua New Guinea",598,"2015",49,65,67.5,62.6,215,2.2,3.8,18128,21315,2691,6.6,"Papua New Guinea","Oceania","Melanesia"
"319","Paraguay",600,"2010",32,71.8,73.9,69.7,139,1.4,2.9,20048,20048,3228,13.1,"Paraguay","Americas","Latin America and the Caribbean"
"320","Paraguay",600,"2015",28.8,72.7,74.9,70.7,132,1.3,2.6,25402,27283,4109,3,"Paraguay","Americas","Latin America and the Caribbean"
"321","Peru",604,"2010",21,73.1,75.9,70.5,92,1.2,2.6,147528,147528,5022,8.3,"Peru","Americas","Latin America and the Caribbean"
"322","Peru",604,"2015",18.6,74.2,76.8,71.5,68,1.3,2.5,186251,189210,6030,3.3,"Peru","Americas","Latin America and the Caribbean"
"323","Philippines",608,"2010",25,68.1,71.5,64.8,129,1.7,3.3,199591,199591,2130,7.6,"Philippines","Asia","South-eastern Asia"
"324","Philippines",608,"2015",22.2,68.6,72.1,65.4,114,1.6,3.1,266056,292774,2878,6.1,"Philippines","Asia","South-eastern Asia"
"325","Poland",616,"2010",5.7,75.6,79.8,71.3,4,0,1.4,479321,479321,12507,3.6,"Poland","Europe","Eastern Europe"
"326","Poland",616,"2015",4.5,77,81,72.9,3,0,1.3,556201,477356,12475,3.8,"Poland","Europe","Eastern Europe"
"327","Portugal",620,"2010",3.3,79.3,82.5,76,11,0.2,1.4,238303,238303,22371,1.9,"Portugal","Europe","Southern Europe"
"328","Portugal",620,"2015",2.9,80.5,83.5,77.3,10,-0.4,1.3,228052,199420,19141,1.8,"Portugal","Europe","Southern Europe"
"329","Puerto Rico",630,"2010",7,77.9,81.8,73.8,16,-0.3,1.7,98381,98381,26470,-0.4,"Puerto Rico","Americas","Latin America and the Caribbean"
"330","Puerto Rico",630,"2015",6.3,79.2,83.2,75.2,14,-0.2,1.5,95518,103144,28076,-1.1,"Puerto Rico","Americas","Latin America and the Caribbean"
"331","Qatar",634,"2010",7.8,77,78.6,75.9,16,14.4,2.2,123627,123627,69466,16.7,"Qatar","Asia","Western Asia"
"332","Qatar",634,"2015",7.2,77.7,79.4,76.9,13,6.6,2,164441,164641,66347,3.6,"Qatar","Asia","Western Asia"
"333","South Korea",410,"2010",3.5,79.5,82.7,76,15,0.3,1.2,NA,NA,NA,NA,"Korea (Republic of)","Asia","Eastern Asia"
"334","South Korea",410,"2015",3,81.3,84.4,77.9,11,0.4,1.2,NA,NA,NA,NA,"Korea (Republic of)","Asia","Eastern Asia"
"335","Moldova",498,"2010",15.5,68.3,72.1,64.4,34,-0.4,1.3,NA,NA,NA,NA,"Moldova (Republic of)","Europe","Eastern Europe"
"336","Moldova",498,"2015",14.3,71,75.2,66.7,23,-0.1,1.3,NA,NA,NA,NA,"Moldova (Republic of)","Europe","Eastern Europe"
"337","Reunion",638,"2010",5.6,78.2,81.9,74.5,NA,1,2.4,NA,NA,NA,NA,"Réunion","Africa","Sub-Saharan Africa"
"338","Reunion",638,"2015",4.2,79.5,82.9,76,NA,0.8,2.4,NA,NA,NA,NA,"Réunion","Africa","Sub-Saharan Africa"
"339","Romania",642,"2010",12,73.1,76.7,69.5,30,-0.9,1.4,167998,167998,8219,-0.8,"Romania","Europe","Eastern Europe"
"340","Romania",642,"2015",8.7,74.8,78.4,71.4,31,-0.6,1.5,189517,177524,8931,3.9,"Romania","Europe","Eastern Europe"
"341","Russian Federation",643,"2010",10.7,67.1,73.7,61,29,-0.1,1.4,1524917,1524917,10652,4.5,"Russian Federation","Europe","Eastern Europe"
"342","Russian Federation",643,"2015",8.3,70.3,75.9,64.7,25,0.1,1.7,1631754,1326324,9218,-2.8,"Russian Federation","Europe","Eastern Europe"
"343","Rwanda",646,"2010",59.8,60.1,61.5,58.6,381,2.6,4.9,5774,5774,563,7.3,"Rwanda","Africa","Sub-Saharan Africa"
"344","Rwanda",646,"2015",44,65.2,67.1,63.1,290,2.5,4.2,8311,8279,712,8.9,"Rwanda","Africa","Sub-Saharan Africa"
"345","Saint Helena",654,"2010",NA,NA,NA,NA,NA,-0.5,NA,NA,NA,NA,NA,"Saint Helena, Ascension and Tristan da Cunha","Africa","Sub-Saharan Africa"
"346","Saint Helena",654,"2015",NA,NA,NA,NA,NA,-0.7,NA,NA,NA,NA,NA,"Saint Helena, Ascension and Tristan da Cunha","Africa","Sub-Saharan Africa"
"347","Saint Kitts and Nevis",659,"2010",NA,NA,NA,NA,NA,1.1,NA,705,705,13708,-2.2,"Saint Kitts and Nevis","Americas","Latin America and the Caribbean"
"348","Saint Kitts and Nevis",659,"2015",NA,NA,NA,NA,NA,1.1,NA,840,878,16178,4,"Saint Kitts and Nevis","Americas","Latin America and the Caribbean"
"349","Saint Lucia",662,"2010",11.8,74,76.6,71.4,54,1.1,1.6,1244,1244,7210,-1,"Saint Lucia","Americas","Latin America and the Caribbean"
"350","Saint Lucia",662,"2015",10.9,74.8,77.6,72.2,48,0.5,1.5,1263,1450,8184,1.9,"Saint Lucia","Americas","Latin America and the Caribbean"
"351","Saint Pierre and Miquelon",666,"2010",NA,NA,NA,NA,NA,0,NA,NA,NA,NA,NA,"Saint Pierre and Miquelon","Americas","Northern America"
"352","Saint Pierre and Miquelon",666,"2015",NA,NA,NA,NA,NA,0,NA,NA,NA,NA,NA,"Saint Pierre and Miquelon","Americas","Northern America"
"353","Saint Vincent & Grenadines",670,"2010",18.5,71.8,74,69.8,50,0.1,2.1,681,681,6232,-3.3,"Saint Vincent and the Grenadines","Americas","Latin America and the Caribbean"
"354","Saint Vincent & Grenadines",670,"2015",16.5,72.7,74.9,70.7,45,0,2,720,757,6912,1.8,"Saint Vincent and the Grenadines","Americas","Latin America and the Caribbean"
"355","Samoa",882,"2010",21.3,72.1,75.4,69.1,64,0.7,4.5,679,679,3648,4.3,"Samoa","Oceania","Polynesia"
"356","Samoa",882,"2015",18,74.1,77.4,71.1,51,0.8,4.2,725,774,3995,2.9,"Samoa","Oceania","Polynesia"
"357","San Marino",674,"2010",NA,NA,NA,NA,NA,1.2,NA,2139,2139,68767,-4.6,"San Marino","Europe","Southern Europe"
"358","San Marino",674,"2015",NA,NA,NA,NA,NA,1.2,NA,1729,1570,47627,0.5,"San Marino","Europe","Southern Europe"
"359","Sao Tome and Principe",678,"2010",46,65.5,67.4,63.6,162,2.3,4.9,197,197,1130,6.7,"Sao Tome and Principe","Africa","Sub-Saharan Africa"
"360","Sao Tome and Principe",678,"2015",43.8,66.1,68.2,64.1,156,2.2,4.7,246,316,1615,3.8,"Sao Tome and Principe","Africa","Sub-Saharan Africa"
"361","Saudi Arabia",682,"2010",14.7,73.2,74.8,71.9,14,2.7,3.2,528207,528207,19260,5,"Saudi Arabia","Asia","Western Asia"
"362","Saudi Arabia",682,"2015",13,74,75.6,72.7,12,2.8,2.7,678730,651757,20653,4.1,"Saudi Arabia","Asia","Western Asia"
"363","Senegal",686,"2010",51.1,62.4,63.8,61,375,2.8,5.1,12926,12926,1001,4.2,"Senegal","Africa","Sub-Saharan Africa"
"364","Senegal",686,"2015",43.9,65.7,67.5,63.8,315,3,5,15790,13676,913,6.8,"Senegal","Africa","Sub-Saharan Africa"
"365","Serbia",688,"2010",12.4,73.3,76.1,70.6,16,-0.4,1.6,39460,39460,5412,0.6,"Serbia","Europe","Southern Europe"
"366","Serbia",688,"2015",9.8,74.7,77.5,71.8,17,-0.4,1.6,40184,37160,5237,0.8,"Serbia","Europe","Southern Europe"
"367","Seychelles",690,"2010",10.2,72.4,77.3,68.1,NA,0.6,2.3,970,970,10612,5.9,"Seychelles","Africa","Sub-Saharan Africa"
"368","Seychelles",690,"2015",10.2,72.9,77.9,68.7,NA,0.5,2.4,1233,1377,14691,5,"Seychelles","Africa","Sub-Saharan Africa"
"369","Sierra Leone",694,"2010",116.9,45.9,46.7,45.1,NA,2.6,5.6,2578,2578,399,5.3,"Sierra Leone","Africa","Sub-Saharan Africa"
"370","Sierra Leone",694,"2015",94.4,50.2,50.7,49.7,NA,2.3,4.8,3164,4215,582,-20.6,"Sierra Leone","Africa","Sub-Saharan Africa"
"371","Singapore",702,"2010",2.2,81.2,83.7,78.7,11,2.4,1.3,236420,236420,46592,15.2,"Singapore","Asia","South-eastern Asia"
"372","Singapore",702,"2015",2.1,82.3,84.5,80.1,10,1.7,1.2,289172,296835,53626,1.9,"Singapore","Asia","South-eastern Asia"
"373","Sint Maarten (Dutch part)",534,"2010",NA,NA,77.2,72,NA,0.4,NA,896,896,27065,1.1,"Sint Maarten (Dutch part)","Americas","Latin America and the Caribbean"
"374","Sint Maarten (Dutch part)",534,"2015",NA,NA,NA,NA,NA,3.1,NA,942,1066,27521,0.5,"Sint Maarten (Dutch part)","Americas","Latin America and the Caribbean"
"375","Slovakia",703,"2010",6.2,74.8,78.6,70.8,6,0,1.3,89501,89501,16561,5,"Slovakia","Europe","Eastern Europe"
"376","Slovakia",703,"2015",5.7,76.3,79.8,72.7,6,0.1,1.4,101311,87501,16087,3.9,"Slovakia","Europe","Eastern Europe"
"377","Slovenia",705,"2010",3.2,78.6,82,75,9,0.5,1.4,48014,48014,23477,1.2,"Slovenia","Europe","Southern Europe"
"378","Slovenia",705,"2015",2.5,80.3,83.3,77.3,9,0.3,1.6,48970,43072,20760,2.3,"Slovenia","Europe","Southern Europe"
"379","Solomon Islands",90,"2010",38.7,67.4,68.8,66.1,136,2.3,4.4,720,720,1363,10.6,"Solomon Islands","Oceania","Melanesia"
"380","Solomon Islands",90,"2015",30,69.6,71.1,68.3,114,2.1,4.1,841,1060,1804,1.8,"Solomon Islands","Oceania","Melanesia"
"381","Somalia",706,"2010",89.8,53.2,54.8,51.7,820,2.9,7.1,1071,1071,89,2.6,"Somalia","Africa","Sub-Saharan Africa"
"382","Somalia",706,"2015",79.5,54.9,56.5,53.3,732,2.9,6.6,1218,1332,96,2.6,"Somalia","Africa","Sub-Saharan Africa"
"383","South Africa",710,"2010",52.7,53.1,55.6,50.7,154,1.1,2.6,375348,375348,7276,3,"South Africa","Africa","Sub-Saharan Africa"
"384","South Africa",710,"2015",36.5,59.5,63,56.1,138,1.4,2.6,418387,317406,5741,1.3,"South Africa","Africa","Sub-Saharan Africa"
"385","South Sudan",728,"2010",89.1,52.3,53.3,51.3,876,4.3,5.6,15206,15206,1510,-1.8,"South Sudan","Africa","Sub-Saharan Africa"
"386","South Sudan",728,"2015",77.7,55.1,56,54.1,789,3.3,5.2,12556,13408,1128,5.1,"South Sudan","Africa","Sub-Saharan Africa"
"387","Spain",724,"2010",3.4,81.2,84.3,78.1,5,1.2,1.4,1431617,1431617,30598,0,"Spain","Europe","Southern Europe"
"388","Spain",724,"2015",2.9,82.5,85.3,79.6,5,-0.2,1.3,1418075,1197790,25816,3.4,"Spain","Europe","Southern Europe"
"389","Sri Lanka",144,"2010",10.1,74.1,77.7,70.6,35,0.7,2.3,56726,56726,2808,8,"Sri Lanka","Asia","Southern Asia"
"390","Sri Lanka",144,"2015",8.2,74.6,78,71.2,30,0.5,2.1,76363,80612,3892,4.8,"Sri Lanka","Asia","Southern Asia"
"391","Palestine",275,"2010",22.3,72,73.9,70.2,54,2.6,4.6,NA,NA,NA,NA,"Palestine, State of","Asia","Western Asia"
"392","Palestine",275,"2015",20,72.9,74.8,71.1,45,2.7,4.3,NA,NA,NA,NA,"Palestine, State of","Asia","Western Asia"
"393","Sudan",729,"2010",53.7,61.5,63.3,59.8,349,2.1,5,54459,54459,1584,8.8,"Sudan","Africa","Northern Africa"
"394","Sudan",729,"2015",48.7,63.6,65.1,62.1,311,2.3,4.8,59594,79546,2058,4.9,"Sudan","Africa","Northern Africa"
"395","Suriname",740,"2010",22.2,69.6,73.1,66.4,169,1.1,2.6,4368,4368,8303,5.2,"Suriname","Americas","Latin America and the Caribbean"
"396","Suriname",740,"2015",17.4,70.9,74.2,67.8,155,1,2.5,4773,4826,8725,-2.6,"Suriname","Americas","Latin America and the Caribbean"
"397","Swaziland",748,"2010",75.8,48.4,50.2,46.5,436,1.7,3.8,NA,NA,NA,NA,"Eswatini","Africa","Sub-Saharan Africa"
"398","Swaziland",748,"2015",56.3,55,58.2,51.6,389,1.8,3.3,NA,NA,NA,NA,"Eswatini","Africa","Sub-Saharan Africa"
"399","Sweden",752,"2010",2.6,81.1,83.1,79,4,0.8,1.9,488378,488378,52009,6,"Sweden","Europe","Northern Europe"
"400","Sweden",752,"2015",2.4,81.9,83.7,80,4,0.8,1.9,542826,497918,50998,4.5,"Sweden","Europe","Northern Europe"
"401","Switzerland",756,"2010",4.2,81.8,84.1,79.3,6,1.1,1.5,583783,583783,74538,3,"Switzerland","Europe","Western Europe"
"402","Switzerland",756,"2015",3.9,82.7,84.8,80.5,5,1.2,1.5,633375,679289,81648,1.2,"Switzerland","Europe","Western Europe"
"403","Syrian Arab Republic",760,"2010",15,74.5,77.3,72,49,2.8,3.4,60465,60465,2877,3.4,"Syrian Arab Republic","Asia","Western Asia"
"404","Syrian Arab Republic",760,"2015",17.9,69.9,76.3,64.4,68,-2.3,3.1,31435,28378,1515,-5.3,"Syrian Arab Republic","Asia","Western Asia"
"405","Tajikistan",762,"2010",48.9,68.7,71.9,66,35,2.2,3.5,5642,5642,738,6.5,"Tajikistan","Asia","Central Asia"
"406","Tajikistan",762,"2015",38.9,70.4,73.5,67.7,32,2.2,3.5,7547,7855,919,6,"Tajikistan","Asia","Central Asia"
"407","Macedonia",807,"2010",10.8,74.2,76.3,72.1,8,0.1,1.5,NA,NA,NA,NA,"Macedonia (the former Yugoslav Republic of)","Europe","Southern Europe"
"408","Macedonia",807,"2015",9,75.1,77.2,73.2,8,0.1,1.5,NA,NA,NA,NA,"Macedonia (the former Yugoslav Republic of)","Europe","Southern Europe"
"409","Thailand",764,"2010",13.4,73.2,76.6,69.8,23,0.5,1.6,341105,341105,5075,7.5,"Thailand","Asia","South-eastern Asia"
"410","Thailand",764,"2015",11.2,74.6,78.4,70.8,20,0.4,1.5,393678,399234,5815,2.9,"Thailand","Asia","South-eastern Asia"
"411","Timor-Leste",626,"2010",50.2,66.4,67.6,65.2,317,1.6,6.5,3999,3999,3604,-1.3,"Timor-Leste","Asia","South-eastern Asia"
"412","Timor-Leste",626,"2015",43.9,67.7,69.5,66.1,215,2.2,5.9,3733,3102,2500,20.9,"Timor-Leste","Asia","South-eastern Asia"
"413","Togo",768,"2010",63.2,55.8,56.5,55.1,393,2.7,5,3426,3426,527,6.1,"Togo","Africa","Sub-Saharan Africa"
"414","Togo",768,"2015",55.7,59.1,59.8,58.3,368,2.6,4.7,4616,4179,563,5.7,"Togo","Africa","Sub-Saharan Africa"
"415","Tokelau",772,"2010",NA,NA,NA,NA,NA,-1.3,NA,NA,NA,NA,NA,"Tokelau","Oceania","Polynesia"
"416","Tokelau",772,"2015",NA,NA,NA,NA,NA,1.9,NA,NA,NA,NA,NA,"Tokelau","Oceania","Polynesia"
"417","Tonga",776,"2010",22,71.8,74.7,69.1,130,0.6,4,374,374,3590,3.6,"Tonga","Oceania","Polynesia"
"418","Tonga",776,"2015",20.6,72.5,75.6,69.6,124,0.4,3.8,398,402,3778,3.7,"Tonga","Oceania","Polynesia"
"419","Trinidad and Tobago",780,"2010",26.6,69.3,73,65.9,65,0.5,1.8,22123,22123,16658,3.3,"Trinidad and Tobago","Americas","Latin America and the Caribbean"
"420","Trinidad and Tobago",780,"2015",24.8,70.2,73.8,66.9,63,0.5,1.8,22657,25917,19056,0.2,"Trinidad and Tobago","Americas","Latin America and the Caribbean"
"421","Tunisia",788,"2010",18.7,74.6,77,72.3,67,1,2,44051,44051,4140,3,"Tunisia","Africa","Northern Africa"
"422","Tunisia",788,"2015",18.5,75,77.1,73,62,1.2,2.3,47545,43015,3815,1.1,"Tunisia","Africa","Northern Africa"
"423","Turkey",792,"2010",16.4,73.4,76.9,69.9,23,1.3,2.2,771877,771877,10672,8.5,"Turkey","Asia","Western Asia"
"424","Turkey",792,"2015",12.6,74.8,78.1,71.5,16,1.6,2.1,1087840,859794,10985,6.1,"Turkey","Asia","Western Asia"
"425","Turkmenistan",795,"2010",54.2,65.9,69.6,62.2,46,1.4,2.7,22583,22583,4439,9.2,"Turkmenistan","Asia","Central Asia"
"426","Turkmenistan",795,"2015",46.9,67.3,70.8,63.9,42,1.8,3,37254,36052,6478,6.5,"Turkmenistan","Asia","Central Asia"
"427","Turks and Caicos Islands",796,"2010",NA,NA,NA,NA,NA,3.2,NA,687,687,22159,1,"Turks and Caicos Islands","Americas","Latin America and the Caribbean"
"428","Turks and Caicos Islands",796,"2015",NA,NA,NA,NA,NA,2.1,NA,773,863,25122,4.1,"Turks and Caicos Islands","Americas","Latin America and the Caribbean"
"429","Tuvalu",798,"2010",10.3,69.6,71.9,67.4,NA,1,NA,32,32,3005,-3.1,"Tuvalu","Oceania","Polynesia"
"430","Tuvalu",798,"2015",NA,NA,NA,NA,NA,0.9,NA,38,35,3226,9.1,"Tuvalu","Oceania","Polynesia"
"431","Uganda",800,"2010",68.2,55.2,56.7,53.6,420,3.4,6.4,19803,19803,584,8.2,"Uganda","Africa","Sub-Saharan Africa"
"432","Uganda",800,"2015",60.2,58.6,60.7,56.5,343,3.4,5.9,25041,25207,628,5.7,"Uganda","Africa","Sub-Saharan Africa"
"433","Ukraine",804,"2010",12.6,67.9,73.8,62.3,26,-0.5,1.4,136012,136012,2970,0.3,"Ukraine","Europe","Eastern Europe"
"434","Ukraine",804,"2015",8.8,71.1,76,66.1,24,-0.5,1.5,121203,91031,2038,-9.8,"Ukraine","Europe","Eastern Europe"
"435","United Arab Emirates",784,"2010",6.9,75.9,77.3,75.2,6,11.8,2,289787,289787,35038,1.6,"United Arab Emirates","Asia","Western Asia"
"436","United Arab Emirates",784,"2015",6.2,76.7,78.2,76,6,2,1.8,367633,358135,39122,3.8,"United Arab Emirates","Asia","Western Asia"
"437","UK",826,"2010",4.8,79.7,81.8,77.5,10,1,1.9,NA,NA,NA,NA,"United Kingdom of Great Britain and Northern Ireland","Europe","Northern Europe"
"438","UK",826,"2015",4.1,81,82.8,79,9,0.7,1.9,NA,NA,NA,NA,"United Kingdom of Great Britain and Northern Ireland","Europe","Northern Europe"
"439","Tanzania",834,"2010",52.4,58.8,60.1,57.5,514,3.1,5.6,NA,NA,NA,NA,"Tanzania, United Republic of","Africa","Sub-Saharan Africa"
"440","Tanzania",834,"2015",44,62.8,64.8,60.8,398,3.1,5.2,NA,NA,NA,NA,"Tanzania, United Republic of","Africa","Sub-Saharan Africa"
"441","USA",840,"2010",6.8,78.2,80.6,75.6,14,0.9,2.1,NA,NA,NA,NA,"United States of America","Americas","Northern America"
"442","USA",840,"2015",6,78.9,81.3,76.5,14,0.7,1.9,NA,NA,NA,NA,"United States of America","Americas","Northern America"
"443","United States Virgin Islands",850,"2010",10.7,77.8,80.3,75.5,NA,-0.3,2.4,NA,NA,NA,NA,"Virgin Islands (U.S.)","Americas","Latin America and the Caribbean"
"444","United States Virgin Islands",850,"2015",9.3,79.1,81.5,76.7,NA,-0.2,2.3,NA,NA,NA,NA,"Virgin Islands (U.S.)","Americas","Latin America and the Caribbean"
"445","Uruguay",858,"2010",13.4,76.2,79.7,72.5,19,0.3,2.1,40285,40285,11938,7.8,"Uruguay","Americas","Latin America and the Caribbean"
"446","Uruguay",858,"2015",12.7,77,80.4,73.3,15,0.3,2,47559,53274,15525,0.4,"Uruguay","Americas","Latin America and the Caribbean"
"447","Uzbekistan",860,"2010",40.7,69.1,72.2,66.1,39,1.5,2.5,39526,39526,1382,8.5,"Uzbekistan","Asia","Central Asia"
"448","Uzbekistan",860,"2015",31.3,70.8,73.5,68.1,36,1.6,2.4,58246,67408,2176,7.9,"Uzbekistan","Asia","Central Asia"
"449","Vanuatu",548,"2010",28.6,70,72.1,68.2,94,2.4,3.6,701,701,2966,1.6,"Vanuatu","Oceania","Melanesia"
"450","Vanuatu",548,"2015",24.3,71.4,73.6,69.4,78,2.3,3.4,765,767,2899,1.6,"Vanuatu","Oceania","Melanesia"
"451","Venezuela (Boliv. Rep. of)",862,"2010",15.9,73.4,77.7,69.4,99,1.6,2.5,393806,393806,13566,-1.5,"Venezuela (Bolivarian Republic of)","Americas","Latin America and the Caribbean"
"452","Venezuela (Boliv. Rep. of)",862,"2015",13.8,73.9,78.2,69.9,95,1.4,2.4,395794,344375,11054,-6.2,"Venezuela (Bolivarian Republic of)","Americas","Latin America and the Caribbean"
"453","Vietnam",704,"2010",22.2,74.7,79.7,69.7,58,1,1.9,NA,NA,NA,NA,"Viet Nam","Asia","South-eastern Asia"
"454","Vietnam",704,"2015",19.3,75.6,80.3,70.7,54,1.1,2,NA,NA,NA,NA,"Viet Nam","Asia","South-eastern Asia"
"455","Wallis and Futuna Islands",876,"2010",NA,NA,NA,NA,NA,-1.6,NA,NA,NA,NA,NA,"Wallis and Futuna","Oceania","Polynesia"
"456","Wallis and Futuna Islands",876,"2015",NA,NA,NA,NA,NA,-2.1,NA,NA,NA,NA,NA,"Wallis and Futuna","Oceania","Polynesia"
"457","Western Sahara",732,"2010",43.1,66.2,68.1,64.7,NA,1.9,2.6,NA,NA,NA,NA,"Western Sahara","Africa","Northern Africa"
"458","Western Sahara",732,"2015",34.1,68.4,70.3,66.9,NA,1.8,2.6,NA,NA,NA,NA,"Western Sahara","Africa","Northern Africa"
"459","Yemen",887,"2010",53,62.7,64.1,61.4,416,2.7,5,29031,29031,1230,7.8,"Yemen","Asia","Western Asia"
"460","Yemen",887,"2015",47.2,64.2,65.6,62.8,385,2.6,4.4,15799,26899,999,-29.2,"Yemen","Asia","Western Asia"
"461","Zambia",894,"2010",65.2,52.9,54.7,51.2,262,2.8,5.6,20265,20265,1463,10.3,"Zambia","Africa","Sub-Saharan Africa"
"462","Zambia",894,"2015",53.8,59.7,61.9,57.5,224,3,5.2,26058,21243,1319,2.9,"Zambia","Africa","Sub-Saharan Africa"
"463","Zimbabwe",716,"2010",58.3,48.4,49.4,47.2,446,1.7,4,10052,10052,714,15.4,"Zimbabwe","Africa","Sub-Saharan Africa"
"464","Zimbabwe",716,"2015",46.5,57.6,59,56.1,443,2.3,4,14577,16072,1019,1.4,"Zimbabwe","Africa","Sub-Saharan Africa"
"465","British Virgin Islands",92,"2010",NA,NA,NA,NA,NA,NA,NA,876,876,32183,-0.1,"Virgin Islands (British)","Americas","Latin America and the Caribbean"
"466","British Virgin Islands",92,"2015",NA,NA,NA,NA,NA,NA,NA,889,955,31698,0.3,"Virgin Islands (British)","Americas","Latin America and the Caribbean"
"467","C<f4>te d<92>Ivoire",384,"2010",NA,NA,NA,NA,NA,NA,NA,24885,24885,1220,2,"Côte d'Ivoire","Africa","Sub-Saharan Africa"
"468","C<f4>te d<92>Ivoire",384,"2015",NA,NA,NA,NA,NA,NA,NA,34060,32835,1421,9.2,"Côte d'Ivoire","Africa","Sub-Saharan Africa"
"469","Cabo Verde",132,"2010",NA,NA,NA,NA,NA,NA,NA,1664,1664,3313,1.5,"Cabo Verde","Africa","Sub-Saharan Africa"
"470","Cabo Verde",132,"2015",NA,NA,NA,NA,NA,NA,NA,1792,1596,2995,1,"Cabo Verde","Africa","Sub-Saharan Africa"
"471","Congo",178,"2010",NA,NA,NA,NA,NA,NA,NA,12281,12281,2800,8.7,"Congo","Africa","Sub-Saharan Africa"
"472","Congo",178,"2015",NA,NA,NA,NA,NA,NA,NA,14932,8493,1700,2.6,"Congo","Africa","Sub-Saharan Africa"
"473","Cura<e7>ao",531,"2010",NA,NA,NA,NA,NA,NA,NA,2951,2951,19994,0.1,"Curaçao","Americas","Latin America and the Caribbean"
"474","Cura<e7>ao",531,"2015",NA,NA,NA,NA,NA,NA,NA,2916,3152,19948,0.3,"Curaçao","Americas","Latin America and the Caribbean"
"475","Czechia",203,"2010",NA,NA,NA,NA,NA,NA,NA,207016,207016,19648,2.3,"Czechia","Europe","Eastern Europe"
"476","Czechia",203,"2015",NA,NA,NA,NA,NA,NA,NA,225493,186830,17619,5.3,"Czechia","Europe","Eastern Europe"
"477","Dem. People's Rep. Korea",408,"2010",NA,NA,NA,NA,NA,NA,NA,13945,13945,570,-0.5,"Korea (Democratic People's Republic of)","Asia","Eastern Asia"
"478","Dem. People's Rep. Korea",408,"2015",NA,NA,NA,NA,NA,NA,NA,14377,16283,648,-1.1,"Korea (Democratic People's Republic of)","Asia","Eastern Asia"
"479","Dem. Rep. of the Congo",180,"2010",NA,NA,NA,NA,NA,NA,NA,21566,21566,334,7.1,"Congo (Democratic Republic of the)","Africa","Sub-Saharan Africa"
"480","Dem. Rep. of the Congo",180,"2015",NA,NA,NA,NA,NA,NA,NA,31338,37918,498,6.9,"Congo (Democratic Republic of the)","Africa","Sub-Saharan Africa"
"481","Eswatini",748,"2010",NA,NA,NA,NA,NA,NA,NA,4436,4436,3688,3.8,"Eswatini","Africa","Sub-Saharan Africa"
"482","Eswatini",748,"2015",NA,NA,NA,NA,NA,NA,NA,5470,4156,3151,4.2,"Eswatini","Africa","Sub-Saharan Africa"
"483","Lao People's Dem. Rep.",418,"2010",NA,NA,NA,NA,NA,NA,NA,7313,7313,1171,8.1,"Lao People's Democratic Republic","Asia","South-eastern Asia"
"484","Lao People's Dem. Rep.",418,"2015",NA,NA,NA,NA,NA,NA,NA,10631,14390,2159,7.3,"Lao People's Democratic Republic","Asia","South-eastern Asia"
"485","Republic of Korea",410,"2010",NA,NA,NA,NA,NA,NA,NA,1094499,1094499,22088,6.5,"Korea (Republic of)","Asia","Eastern Asia"
"486","Republic of Korea",410,"2015",NA,NA,NA,NA,NA,NA,NA,1268781,1382764,27331,2.8,"Korea (Republic of)","Asia","Eastern Asia"
"487","Republic of Moldova",498,"2010",NA,NA,NA,NA,NA,NA,NA,5812,5812,1423,7.1,"Moldova (Republic of)","Europe","Eastern Europe"
"488","Republic of Moldova",498,"2015",NA,NA,NA,NA,NA,NA,NA,7034,6513,1602,-0.4,"Moldova (Republic of)","Europe","Eastern Europe"
"489","State of Palestine",275,"2010",NA,NA,NA,NA,NA,NA,NA,8913,8913,2192,8.1,"Palestine, State of","Asia","Western Asia"
"490","State of Palestine",275,"2015",NA,NA,NA,NA,NA,NA,NA,11238,12673,2718,3.4,"Palestine, State of","Asia","Western Asia"
"491","TFYR of Macedonia",807,"2010",NA,NA,NA,NA,NA,NA,NA,9407,9407,4543,3.4,"Macedonia (the former Yugoslav Republic of)","Europe","Southern Europe"
"492","TFYR of Macedonia",807,"2015",NA,NA,NA,NA,NA,NA,NA,10616,10065,4840,3.9,"Macedonia (the former Yugoslav Republic of)","Europe","Southern Europe"
"493","United Kingdom",826,"2010",NA,NA,NA,NA,NA,NA,NA,2441173,2441173,38561,1.7,"United Kingdom of Great Britain and Northern Ireland","Europe","Northern Europe"
"494","United Kingdom",826,"2015",NA,NA,NA,NA,NA,NA,NA,2705252,2885570,44124,2.3,"United Kingdom of Great Britain and Northern Ireland","Europe","Northern Europe"
"495","United Rep. of Tanzania",834,"2010",NA,NA,NA,NA,NA,NA,NA,31105,31105,694,6.4,"Tanzania, United Republic of","Africa","Sub-Saharan Africa"
"496","United Rep. of Tanzania",834,"2015",NA,NA,NA,NA,NA,NA,NA,43307,45628,870,7,"Tanzania, United Republic of","Africa","Sub-Saharan Africa"
"497","United States of America",840,"2010",NA,NA,NA,NA,NA,NA,NA,14964372,14964372,48485,2.5,"United States of America","Americas","Northern America"
"498","United States of America",840,"2015",NA,NA,NA,NA,NA,NA,NA,16672692,18120714,56640,2.9,"United States of America","Americas","Northern America"
"499","Viet Nam",704,"2010",NA,NA,NA,NA,NA,NA,NA,115932,115932,1310,6.4,"Viet Nam","Asia","South-eastern Asia"
"500","Viet Nam",704,"2015",NA,NA,NA,NA,NA,NA,NA,154509,193241,2065,6.7,"Viet Nam","Asia","South-eastern Asia"
